event_id,tuple_id,stakeholder,opinion,sentiment,rationale,evidence_ids,supporting_evidence_text,tuple_generation_status,chain_generation_status,preannotation_note,human_judgment,error_type,corrected_stakeholder,corrected_opinion,corrected_sentiment,corrected_rationale,corrected_evidence_ids,guideline_change_needed,prompt_change_needed,notes
E001,,,,,,,,api_failure,success,tuple_error=api_timeout: LLM API call failed after retries: The read operation timed out | tuple_warning=evidence pack truncated from 50 to 4 rows; 4 evidence texts clipped to 300 chars | chain_warning=evidence pack truncated from 50 to 8 rows; 8 evidence texts clipped to 500 chars | candidate_chains=3,,,,,,,,,,
E002,LLM_E002_001,低层住户,反对加装电梯，认为影响采光且补偿方案未协商好，多次阻挠施工,negative,ev-00062中低层业主因采光问题阻挠施工，并对补偿方案不满，被施工单位起诉,ev-00062,ev-00062: 低层业主多次阻挠加装电梯施工被起诉 【发布时间：2023-09-20 17:10:06】 【稿件来源：】 【作者：】 【关闭】 住宅楼加装电梯影响采光 低层业主不满补偿方案 三番四次阻挠施工 后被施工单位诉至法院 【基本案情】 2018年11月，住建部门对涉案住宅楼核发《建设工程规划许可证》，同意加装电梯。 钟阿姨为低层业主之一，其与女儿刘女士认为，电梯加装工程影响其采光，高层业主并未与其协商好补偿方案，遂采取多种方式阻挠加装电梯，亦与高层业主发生多次诉讼。 2021年3月，业主张先生受多数住户委托，与某公司签订了《建筑工程施工合同》，约定由某公司承包加装电梯井道工程。施工期间，钟阿姨曾多次在施工现场甚至站在挖掘机旁阻挠施工，影响某公司施工进度。 2021年8月，某公司将钟阿姨、刘女士诉至法院，主张其二人阻挠施工，导致至今未能完工，请求法院判令钟阿姨、刘女士不得对电梯施工进行阻挠和破坏，并以每天3000元的标准赔偿该司自2021年6月29日起至二人停止阻挠施工之日止的损失。 【裁判结果】 广州市海珠区人民法院一审判决：钟阿姨不得对电梯施工进行阻挠和破坏，并向某公司支付3600元，驳回某,success,success,tuple_warning=evidence pack truncated from 50 to 8 rows; 8 evidence texts clipped to 500 chars | chain_warning=evidence pack truncated from 50 to 8 rows; 8 evidence texts clipped to 500 chars | candidate_chains=3,,,,,,,,,,candidate_chains=3
E002,LLM_E002_002,高层住户,支持加装电梯，愿意出资并推动工程，认为出行便利受益大,positive,ev-00068中32户业主同意加装电梯并出资，ev-00070反映高层老年住户出行困难，加梯需求强烈,ev-00068;ev-00070,"ev-00068: 冲上热搜！老人反对加装电梯，建好又想补交钱使用，被全楼拒绝！法院判了→ 2023-11-12 09:31:13 来源：法治网 11日下午，'老人反对装电梯建好又想用被全楼拒绝'冲上热搜，引发热议。 近日，最高人民法院发布老旧小区既有住宅加装电梯典型案例。 其中一个案例就是老人反对装电梯建好又想用被全楼拒绝，因为邻居认为他让工程延误1年多。以下为案例内容—— 未同意加装电梯业主补交出资后有权使用电梯 ——郭某与谢某等建筑物区分所有权纠纷案 一、基本案情 广东省广州市荔湾区某小区某栋9层住宅楼业主于2017-2018年商议加装电梯，44户业主中有32户业主同意。居住于3楼、年近八旬的业主郭某因有异议未参与出资。电梯投入使用后，郭某提出希望在补交相应集资款后使用电梯，但32户业主认为郭某前期对加装电梯有异议，导致加装电梯工程延误一年多，反对其使用电梯。郭某向人民法院起诉，请求确认其在按前期加装电梯筹资方案支付10077元费用后，对新建电梯拥有与32户业主同等的权利和义务。 二、裁判结果 广东省广州市荔湾区人民法院审理认为，案涉电梯在使用属性上系建筑物的共有部分，郭某与其他业主对电梯享有使用权
ev-00070: 凝聚各方力量，加速实现'加梯梦' ——昌平区霍营街道华龙苑南里小区 信息来源：北京市住房和城乡建设委员会 发布时间：2023年10月08日 一、基本情况 昌平区华龙苑南里小区始建于上世纪九十年代，小区内30栋老楼均为无电梯的五层或六层住宅楼，共154个单元。小区居住有2128户、约6000余人。常住居民以退休的老年人居多，其中年龄超过60岁的老人近1600人，占到小区人口的三成左右。该小区建设年代较久，基础设施老化、设施设备不完善，特别是随着人口老龄化加剧，小区内老人、小孩上、下楼出行困难的问题越来越显著，居民加装电梯的需求也越来越强烈。 二、主要做法与成效 （一）以'线上为主，线下为辅'方式开展加梯政策宣传 街道、社区根据居民诉求，积极开展加装电梯政策宣传。为做到加梯、防疫两不误，开展以'线上为主，线下为辅'方式进行政策宣传，对年轻业主采取线上宣传，对老年业主采取线下宣传，让每位业主都能够了解相关政策，动员业主积极参与和支持。 （二）有序开展居民协商，破解居民疑虑 加装电梯推进过程中，居民意见达成一致是第一关。为促进居民协商一致，化解低层住户疑虑，街道、社区委托实施主体到现场实地勘察",success,success,tuple_warning=evidence pack truncated from 50 to 8 rows; 8 evidence texts clipped to 500 chars | chain_warning=evidence pack truncated from 50 to 8 rows; 8 evidence texts clipped to 500 chars | candidate_chains=3,,,,,,,,,,candidate_chains=3
E002,LLM_E002_003,社区居委会,组织居民协商，宣传政策，协调各方利益，推动加装电梯,positive,ev-00075明确街道和社区利用党建工作协调委员会作为协商平台，ev-00070展示街道社区开展线上线下宣传和协商,ev-00075;ev-00070,"ev-00075: 主题分类：城乡建设、环境保护/城乡建设（含住房）/老旧小区综合整治 制发单位：北京市住房和城乡建设委员会 有 效 性：现行有效 成文日期：2022年01月17日 发布日期：2022年02月10日 发文字号：京建发〔2022〕11号 北京市住房和城乡建设委员会印发《关于进一步做好既有多层住宅加装电梯业主协商工作指引》的通知 各有关单位： 为进一步做好本市既有多层住宅加装电梯工作，指导各区建立完善协商机制，组织引导居民协商，促进居民达成一致意见，市住房城乡建设委制定了《关于进一步做好既有多层住宅加装电梯业主协商工作指引》，现印发给你们，请参照执行。执行中有何问题和建议，请及时反馈我委。 北京市住房和城乡建设委员会 2022年1月17日 关于进一步做好既有多层住宅加装电梯业主协商工作指引 第一条 为进一步做好既有多层住宅加装电梯居民协商工作，依据国家和本市相关法律法规及《北京市老旧小区综合整治工作手册》，结合本市实际，制定本工作指引。 第二条 属地街道（乡镇）和社区利用党建工作协调委员会作为既有住宅加装电梯业主协商工作平台，组织业委会（物管会）、责任规划师、实施主体、物业服务人、设计单位、施
ev-00070: 凝聚各方力量，加速实现'加梯梦' ——昌平区霍营街道华龙苑南里小区 信息来源：北京市住房和城乡建设委员会 发布时间：2023年10月08日 一、基本情况 昌平区华龙苑南里小区始建于上世纪九十年代，小区内30栋老楼均为无电梯的五层或六层住宅楼，共154个单元。小区居住有2128户、约6000余人。常住居民以退休的老年人居多，其中年龄超过60岁的老人近1600人，占到小区人口的三成左右。该小区建设年代较久，基础设施老化、设施设备不完善，特别是随着人口老龄化加剧，小区内老人、小孩上、下楼出行困难的问题越来越显著，居民加装电梯的需求也越来越强烈。 二、主要做法与成效 （一）以'线上为主，线下为辅'方式开展加梯政策宣传 街道、社区根据居民诉求，积极开展加装电梯政策宣传。为做到加梯、防疫两不误，开展以'线上为主，线下为辅'方式进行政策宣传，对年轻业主采取线上宣传，对老年业主采取线下宣传，让每位业主都能够了解相关政策，动员业主积极参与和支持。 （二）有序开展居民协商，破解居民疑虑 加装电梯推进过程中，居民意见达成一致是第一关。为促进居民协商一致，化解低层住户疑虑，街道、社区委托实施主体到现场实地勘察",success,success,tuple_warning=evidence pack truncated from 50 to 8 rows; 8 evidence texts clipped to 500 chars | chain_warning=evidence pack truncated from 50 to 8 rows; 8 evidence texts clipped to 500 chars | candidate_chains=3,,,,,,,,,,candidate_chains=3
E002,LLM_E002_004,高层住户,认为费用应按楼层受益大小分摊，高层应多出资，低层少或不出资,neutral,ev-00059给出各层出资比例指导，体现高层多出、低层少出原则，反映多数高层用户接受此分摊方案,ev-00059,ev-00059: '各层业主分别该出多少钱？'往往是老楼加装电梯前期协商过程中居民的争议点。8月26日，市住建委发布《关于公布既有多层住宅加装电梯业主出资比例指导标准的通知》，为各层业主加装电梯的分摊费用提供了参考。 老楼加装电梯是北京市重要民生实事项目之一。北京自开展加装电梯工作以来，加装电梯资金筹集主要以业主自筹为主，并遵循'谁受益、谁出资，谁使用、谁付费'的原则筹资加装电梯。但是在居民协商过程中，由于低层住户受益小、高层住户受益大，各层业主究竟该如何分摊费用，很难达成一致意见。 为了使居民意愿达成一致，积极推动既有多层住宅加装电梯工作，市住建委在总结本市既有多层住宅加装电梯成功案例的基础上，发布了该通知。根据通知，对于入户方式为半层入户的6层老楼，1层业主不用出资，2层业主出资比例为4%至6%，3层业主出资比例为11%至13%，4层业主出资比例为19%至21%，5层业主出资比例为27%至29%，6层住户出资比例为32%至34%。 此外，对于入户方式为平层入户的6层老楼，如果没有新增连廊，各层业主出资的指导比例区间与半层入户的相同。而如果有新增连廊的话，除了一层业主外，其他楼层的业主将均摊出资费用。,success,success,tuple_warning=evidence pack truncated from 50 to 8 rows; 8 evidence texts clipped to 500 chars | chain_warning=evidence pack truncated from 50 to 8 rows; 8 evidence texts clipped to 500 chars | candidate_chains=3,,,,,,,,,,candidate_chains=3
E002,LLM_E002_005,施工单位,因低层住户阻挠施工导致工期延误，起诉要求停止阻挠并赔偿损失,negative,ev-00062中施工单位将阻挠施工的低层业主诉至法院，要求排除妨害并赔偿每日3000元损失,ev-00062,ev-00062: 低层业主多次阻挠加装电梯施工被起诉 【发布时间：2023-09-20 17:10:06】 【稿件来源：】 【作者：】 【关闭】 住宅楼加装电梯影响采光 低层业主不满补偿方案 三番四次阻挠施工 后被施工单位诉至法院 【基本案情】 2018年11月，住建部门对涉案住宅楼核发《建设工程规划许可证》，同意加装电梯。 钟阿姨为低层业主之一，其与女儿刘女士认为，电梯加装工程影响其采光，高层业主并未与其协商好补偿方案，遂采取多种方式阻挠加装电梯，亦与高层业主发生多次诉讼。 2021年3月，业主张先生受多数住户委托，与某公司签订了《建筑工程施工合同》，约定由某公司承包加装电梯井道工程。施工期间，钟阿姨曾多次在施工现场甚至站在挖掘机旁阻挠施工，影响某公司施工进度。 2021年8月，某公司将钟阿姨、刘女士诉至法院，主张其二人阻挠施工，导致至今未能完工，请求法院判令钟阿姨、刘女士不得对电梯施工进行阻挠和破坏，并以每天3000元的标准赔偿该司自2021年6月29日起至二人停止阻挠施工之日止的损失。 【裁判结果】 广州市海珠区人民法院一审判决：钟阿姨不得对电梯施工进行阻挠和破坏，并向某公司支付3600元，驳回某,success,success,tuple_warning=evidence pack truncated from 50 to 8 rows; 8 evidence texts clipped to 500 chars | chain_warning=evidence pack truncated from 50 to 8 rows; 8 evidence texts clipped to 500 chars | candidate_chains=3,,,,,,,,,,candidate_chains=3
E003,LLM_E003_001,住建部门/政府,保障房资格审核是维护公平性的关键，需要多部门信息化比对防止骗租,positive,基于上海审核案例，表明政府积极采取措施确保公平,ev-00121,ev-00121: 评论：保障房资格审核是维护公平性的第一关口 新华网2012/02/06 10:00 今年保障房将基本建成500万套以上，随着建设不断提速，保障房供应高峰将至。能否公平分配，成为保障房这一'民心工程'的生命线。上海探索建立起涵盖10多个部门、单位的信息化比对专线，对保障房申请者的经济状况进行全方位审核，累计对68000多户保障房申请家庭进行经济状况核对，检出不符合条件者9700余户。 '全方位监控'：能否防止审核'表面化'？ 资格审核，维护住房保障制度公平性的关口。 张某未缴纳养老金等'三金'，李某和小张均有公司为其缴纳'三金'；张某目前未缴纳公积金，李某和小张公积金状态均正常，月缴存额分别为300元、276元；张某全年收入为3.3万余元，李某无税务反馈信息，小张全年收入为2万余元；李某拥有小汽车一辆；张某和李某未开立证券账户，但小张在某证券公司开立账户，截至核对时点的市值为2.5万元…… 这是记者日前在上海市居民经济状况核对中心采访时了解到的道核实流程。 信息显示，上海居民张某为协保人员，其妻子李某及女儿小张为在职人员。该家庭申请上海共有产权房。根据要求，申报2010年2月至2011年,success,success,tuple_warning=evidence pack truncated from 50 to 4 rows; 4 evidence texts clipped to 300 chars | chain_warning=evidence pack truncated from 50 to 4 rows; 4 evidence texts clipped to 300 chars | candidate_chains=1,,,,,,,,,,candidate_chains=1
E003,LLM_E003_002,媒体/评论者,保障性住房分配乱象源于保障对象不明确、申请人资格核实困难和违法成本过低,negative,世联地产分析指出分配乱象的深层原因,ev-00120,ev-00120: 世联地产新评:保障性住房分配乱象的原因分析 房天下2011/06/02 10:17 保障性住房分配乱象的原因分析 政府大力兴建保障性住房的目的是为了解决住房市场化带来的外部性问题，即为低收入住房困难家庭提供他们有能力负担的住房，保障人们的居住权利，维护社会公平。然而，在当前保障性住房分配过程中，骗购骗租保障性住房等种种乱象频频见诸报端。究其原因，世联地产研究认为，保障性住房的保障对象不明确、申请人资格核实困难、申请造假者违法成本过低等多种因素造成了保障性住房分配乱象丛生。 保障性住房的保障对象不明确 政府对廉租房和经济适用房作过明确的界定。1999年出台的《城镇廉租住房管理办法》规定：'城镇廉租住房是指政府和单位在住房领域实施社会保障职能，向具有城镇常住居民户口的收入家庭提供的租金相对低廉的普通住房。'2007年修订后的《经济适用住房管理办法》规定：'经济适用住房是指政府提供政策优惠，限定套型面积和销售价格，按照合理标准建设，面向城市低收入住房困难家庭供应，具有保障性质的政策性住房。'廉租房和经济适用房的保障对象很明确，前者是收入家庭，后者是低收入住房困难家庭。 然而，政府对保障性住房,success,success,tuple_warning=evidence pack truncated from 50 to 4 rows; 4 evidence texts clipped to 300 chars | chain_warning=evidence pack truncated from 50 to 4 rows; 4 evidence texts clipped to 300 chars | candidate_chains=1,,,,,,,,,,candidate_chains=1
E003,LLM_E003_003,企业外来员工/青年租户,住宿困难是企业招工和留人的难题，希望政府牵头建设保租房,neutral,人大代表建议中反映企业外来员工住宿需求,ev-00128,ev-00128: 关于加快推进建设公共租赁住房的建议 发布日期：2022-03-30 11:35:00 来源：苏州市吴中区人民政府 代 表 姓 名 沈勇华 建议号 第147号 事 由 ：关于加快推进建设公共租赁住房的建议 内 容： 企业外来员工住宿问题一直是困扰许多企业的一个难题，给企业招工、留住人才带来较大压力，近几年随着农村拆迁力度的加大，企业周边可租房源越来越少，租房环境越来越差，外来员工住宿成本也不断增大，还存在诸多安全隐患，也给周边群众和村庄人居环境管理带来诸多不便和影响。 建 议 ： 由政府牵头，组织相关职能部门在走访、调研企业外来员工住宿需求的基础上加以认真研究，针对大多数企业无条件自建宿舍的实际情况，出台相关政策，加快推进集体土地租赁住房项目的建设，为一线员工、高层次人才推出公租房、人才房等房源，更好的为企业员工提供一个低成本、高品质的就业环境，吸引更多的人才在这里扎根创业。同时要完善各类生活配套设施，营造更好、更具吸引力的宜居宜业环境，着力解决企业外来员工'住房难'问题，让企业引得进、留得住人才，进一步优化营商环境，更好的为企业服务。 承 办 单 位 住建局 备 注 沈勇华代表： 您提,success,success,tuple_warning=evidence pack truncated from 50 to 4 rows; 4 evidence texts clipped to 300 chars | chain_warning=evidence pack truncated from 50 to 4 rows; 4 evidence texts clipped to 300 chars | candidate_chains=1,,,,,,,,,,candidate_chains=1
E003,LLM_E003_004,住建部门/政府,推进工业（产业）园区配建保租房，提高配套比例，解决产业工人和人才住房问题,positive,泉州做法获住建部推广，证明该举措有效,ev-00133,ev-00133: 推进工业（产业）园区配建，让产业工人、引进人才安居 我市保租房经验获住建部推广 2023年11月03日 为工业园区配套建设的保租房解决了企业员工的后顾之忧 （林劲峰 摄） 本报讯 （记者谢曦 通讯员纪曾晓）小户型、低租金的保障性租赁住房，正成为我市满足新市民、青年人过渡性住房需求的重要力量。 为加快补齐住房租赁短板，我市结合全市工业（产业）园区标准化建设专项行动，将产业园区中工业项目配套建设行政办公及生活服务设施的用地面积占比上限由7%提高到15%，建筑面积占比上限相应提高到30%，积极推进工业（产业）园区配建保障性租赁住房，为产业工人、引进人才解决住房问题。今年，我市这一做法入选发展保障性租赁住房可复制可推广经验清单，获住建部推广。 走进位于洛江区的泉州市劲力工程机械有限公司保障性租赁住房宿舍楼，食堂、公共客厅、运动器械一应俱全。'小而美'的宿舍内配备了床、卫生间、空调、热水器、洗衣池等设施，基本实现'拎包入住'。 '大家每月都轮流打扫过道、楼梯，环境比较整洁。上班只需提前10分钟起床，厂区里还有篮球场。'来自龙岩的技术主管王焕乾对居住环境十分满意。'公司招聘时，提供宿舍这一点对新员,success,success,tuple_warning=evidence pack truncated from 50 to 4 rows; 4 evidence texts clipped to 300 chars | chain_warning=evidence pack truncated from 50 to 4 rows; 4 evidence texts clipped to 300 chars | candidate_chains=1,,,,,,,,,,candidate_chains=1
E004,LLM_E004_001,租户,城中村改造导致租金上涨，租户生活负担加重,negative,多篇新闻报道显示租户因拆迁面临房租上涨，转租困难,ev-00169;ev-00161;ev-00162,"ev-00169: 城中村改造拉动房租上涨 大河网-河南日报 2007.06.26 04:11 □文／图 本报记者汤传稷 郑州正在推进城中村改造，多个城中村正在进行拆迁和改建。与此同时，一些城中村房租再次上涨，而三环附近的村庄开始大兴土木，为即将到来的租住人流高峰及未来可能的拆迁做准备。 城中村改造对解决'脏乱差'问题、提升城市形象、充分利用土地资源无疑有着积极意义，但伴随而来的问题也不容忽视：郑州计划三年中将三环之内的116个城中村改造完毕，如此大规模的改造，会对租房者的生存状态产生什么影响呢？ 房租上涨影响百万人 近来，郑州一些城中村的房租再次上涨，让租房者叫苦不迭。 在二七区孙八寨村，大小房间的租金均有不同程度上涨。一般单间在150元以上，标准间180元，一室一厅300元，两室一厅500元，与前一段时间相比，此次上涨幅度平均在30元左右，而门面房上涨100到300元不等。在郑州市常寨、枣庄等城中村，房租价位更在孙八寨之上。记者了解到，最近，城中村房租普遍上涨，尽管涨幅不尽相同。 在很多城中村，要想租到中意的房子，选择余地越来越小了。6月24日，记者在七里河村及岔河村寻租一标准间，走遍数条街道竟没有找
ev-00161: 城中村大量拆迁 房租普涨 本报讯 本报讯（见习记者 翟莹 袁超一 孔慧慧）2009年底，武汉市决定，用三年时间把二环线内54个城中村全部拆迁，到今年初，33个城中村已基本完成拆迁。随着大量城中村被拆，剩余城中村及附近房源的房租水涨船高，在高房租的压力下，曾经聚集在此的'蚁族'该何去何从？ 城中村房租普涨三至五成 今年初，洪山区熊家咀开始拆迁，大量'蚁族'涌入附近的小何西村。毕业不久的杨柳就是其中一员。之前住在熊家咀城中村，因为拆迁就搬出来重新找房子。 '房子不好找，房租涨了不少。'在小何西村，记者见到了杨柳。她算是典型的'蚁族'，老家在襄阳，毕业后一直从事平面设计方面的工作，月收入不足1500元。杨柳说，原来住的地方，房租才260元，加上水电费20元，两人一平摊，一个月才140元，而如今在小何西村一些私房，同样的条件起码要400元。 除了像杨柳这样的新住户面临房租大涨的境况外，小何西村的一些老房客也'被涨价'，现从事IT培训的李杰在小何西村住了一年多，起初房价（单间）是380元，目前已涨到了460元。 记者走访陈家湾、关山、马家湾、余家头等地的城中村，发现房租均有所上涨，涨幅为30％～
ev-00162: 陈寨等启动拆迁 带动周边小区房租上涨 2015-11-11 08:14 来源：中原网--郑州晚报 北环中方园路附近的一家中介负责人表示，通常情况下，一个城中村拆迁改造，原来租住在这个村子里的人会向附近的城中村或者商品房小区转移，进而带动这些地方房租的上涨。 正在找房的租房户 （郑州晚报记者 马健 图） 根据政府相关部门的计划，今年年底郑州市区包括陈寨、庙里、张家村等要开始拆迁，40万'郑漂'将再寻住处，是否会引起该区域新一轮房租上涨？郑州晚报记者昨日实地采访发现，村民们房屋出租、租户生活都很平静，不过今年以来房租确实在上涨，平均涨幅在10%左右。 动向 陈寨等城中村要拆完 昨日上午，郑州晚报记者来到陈寨实地调查。大街上、村子里人来人往，租房户也都是正常租房，记者没有找到要拆迁的通知信息。以租房者的身份，记者来到紧靠文化路不远的另一租户陈先生家里。看到有人前来租房，陈先生连忙过来招呼：'来来来，我带着你看看我的房子，合适你就租。'记者上了电梯，跟着陈先生上上下下看了3个楼层的房间。'我这标间月租是750块钱，押金300块钱，交房租非常灵活，一次交一个月。'陈先生说。看到记者想再看看其他房",success,success,tuple_warning=evidence pack truncated from 50 to 8 rows; 8 evidence texts clipped to 500 chars | chain_warning=evidence pack truncated from 50 to 8 rows; 8 evidence texts clipped to 500 chars | candidate_chains=3,,,,,,,,,,candidate_chains=3
E004,LLM_E004_002,外来务工人员,要求改善住房条件，出台农民工住房保障制度,negative,人大代表调研揭示民工住房困境，建议住房保障,ev-00174,ev-00174: 人大代表调研民工住房困境 夏天蜈蚣'光临'床铺是常事 http://www.cnnb.com.cn 中国宁波网 01月29日 16:00 浙江在线杭州1月29日讯(记者 李敏 廖小清 梁国瑞)他是宁波江北一位普通的环卫工人，也是我省首位农民工人大代表，他叫徐辉。 今年，他关注着我省1700多万农民工的居住状况，用他并不具有太多文采、却实实在在的笔触写下了感人至深的建议——《关于出台农民工住房保障制度的建议》。为了这份建议，他历时半年进行调研。 28日晚，当记者拨通他电话，请他过目下稿子，他谦和得直说记者太客气了。他说，自己为了人代会做调研，走进自己的外来务工朋友群体，深入他们的生活，了解他们的住房困境，并为他们鼓与呼，其实只是份内的事情。 29日一大早，徐辉代表早早地在驻地等候记者，一身笔挺的服装，代表证悬挂在胸前。 租房到底有多难，有多贵？ 大量的人口由小城镇和农村涌入到城市中，形成了具有中国特色的民工潮。10年前，来自安徽芜湖的徐辉也是民工潮中的一员。 近年来，各大城市推出了一系列住房体系，但始终不能满足外来务工人员的住房需求，城市中住房的租金偏高，相对便宜的房子又位置偏远，使得广,success,success,tuple_warning=evidence pack truncated from 50 to 8 rows; 8 evidence texts clipped to 500 chars | chain_warning=evidence pack truncated from 50 to 8 rows; 8 evidence texts clipped to 500 chars | candidate_chains=3,,,,,,,,,,candidate_chains=3
E004,LLM_E004_003,街道办/政府,承认房租上涨但表示将趋于平稳,neutral,政府答复中说明房租由市场决定，随房源增加将平稳,ev-00166,"ev-00166: 郑州市政府对网友咨询'城中村改造'问题的答复 2008年03月18日 来源：郑州市政府 郑州市委常委、副市长 穆为民接受访谈 访谈直播现场 郑州市政府关于网友就'城中村改造'提出的相关问题的部分答复 1楼网友：请问城中村每平米赔偿多少钱？ 回复：城中村改造的拆迁安置补偿标准请查阅郑政文[2007]103号（见附件2）和市长办公会议纪要[2007]61号（见附件5）。 3楼网友：二层和三层的赔偿差别,允许盖三层,现在的房子是二层,到拆的时候,是不是有好的政策?怎么赔偿? 回复：城中村改造的拆迁安置补偿标准请查阅郑政文[2007]103号（见附件2）和市长办公会议纪要[2007]61号（见附件5）。 4楼网友：城中村改造过后，房租是否会比现在的高的更离谱呢！ 回复：房租的高低是由市场供求关系所决定的。城中村改造中，由于拆迁相对较多，而工程建设则需要一定的建设周期，用于出租的房源会减少，房价随之会有所提高。随着城中村改造的进展，用于出租的房源增加，房租将会逐渐趋于平稳。 7楼网友：政府的赔偿款是按照什么标准给的？市中心的房价还是郊区的房价？ 回复：城中村改造的拆迁安置补偿标准请查阅郑政文[2",success,success,tuple_warning=evidence pack truncated from 50 to 8 rows; 8 evidence texts clipped to 500 chars | chain_warning=evidence pack truncated from 50 to 8 rows; 8 evidence texts clipped to 500 chars | candidate_chains=3,,,,,,,,,,candidate_chains=3
E004,LLM_E004_004,搬迁居民,面临就业、生活成本、产业配套三大困难,negative,调查显示搬迁户收入增加但后续发展乏力,ev-00170,ev-00170: 我省已搬迁移民家庭面临三困难亟需关注 2015-10-12 06:50:35 陕西日报 ●劳动技能单一 就业增收渠道狭窄 ●消费支出增加 生活压力明显增大 ●产业发展不足 后续发展乏力 9月30日，国家统计局陕西调查总队发布《陕西实施移民搬迁工程对农民收入影响的调查报告》显示，移民搬迁实施以来，极大地改善了搬迁户的生存、生产、生活条件，提高了农民致富能力。随着搬迁政策补贴优惠落实，全省移民增收效果明显，脱贫致富步伐加快。据统计，2014年，陕南移民搬迁群众人均收入由2011年搬迁之前的4151元上升到7478元，增幅达80.1%，较同期全省农民人均收入增幅快35.6个百分点;搬迁群众人均收入已基本接近全省平均水平。与此同时，贫困监测数据显示，我省50个国家扶贫开发工作重点县的农民人均收入从2010年的3611元增加到2014年的6669元，年均增速达16.6%，比全省农民人均纯收入的同期平均增速高1.2个百分点。 但要确保搬迁户收入可持续增长，扶贫优惠政策必须持续跟进。调查显示，目前，多地移民搬迁安置项目实施单一，更多的是注重农户住房改造，搬得进、留得住、能致富的问题亟待解决。据调查，,success,success,tuple_warning=evidence pack truncated from 50 to 8 rows; 8 evidence texts clipped to 500 chars | chain_warning=evidence pack truncated from 50 to 8 rows; 8 evidence texts clipped to 500 chars | candidate_chains=3,,,,,,,,,,candidate_chains=3
E005,LLM_E005_001,业主,质疑物业费上涨合理性，认为服务质价不符，要求物业降低收费或提升服务质量,negative,业主在多个证据中抱怨物业费高、服务差，认为涨价未征求业主意见，甚至拒缴物业费,ev-00215;ev-00203;ev-00235,"ev-00215: 威海某小区物业收费难 业主抱怨价格高服务差 物业苦恼：上门收费吃'闭门羹' '这一次收的费用，连给环卫部门支付卫生费都不够。'近日，某小区物业服务中心主任梅绪苦恼地说，该小区每半年收一次物业费，每户每次在108元左 右，物业为小区提供的服务有：卫生清洁、绿化养护、区域秩序维护、公共设施设备养护维修等。而8月份的收费额，连支付给环卫部门的卫生费都成问题。 物业公司进驻这个小区已两年了，最初超过8成的业主都交物业费，但慢慢地，不交物业费的业主越来越多，今年8月份缴费率不足3%，而这其中有不到2成的业主一直未交物业费。 '我们的会计去收费时，有些业主不开门，还有一些开门了就直接骂，有几次会计都被骂哭了。'物业公司总经理孙佑壮告诉笔者。 刚开始只是少部分住户不交物业费，但为何现在只有少部分业主交费呢？对此梅绪表示，一部分原因是小区本身管理难，居民与物业之间容易积怨；另一原因是有部分业主自己不交，还私下里做一些负面宣传影响其他业主，久而久之，侥幸与从众心理使得越来越多的业主不交物业费。 业主抱怨：价格高、服务差凭啥交 业主们究竟为何不交物业费？9月6日，笔者走访了这家小区的居民。 在小区41号楼
ev-00203: 物业费说涨就涨业主可举报 来源： 西宁晚报 发布时间： 2015-11-30 09:26 编辑： 马燕燕 近日，家住七一路龙华雅苑的部分住户给打来电话，反映今年他们去交物业费时，才知道物业费每平方米涨了0.20元，可是之前也没有看到物业公司张贴通知，住户觉得物业的这种做法不合理。 市民反映 据业主张先生反映，去年该小区的物业费是每平方米1.23元，前段时间他去交今年的物业费时，物业工作人员告诉他，从今年7月份开始，物业费需按每平方米1.43元交纳。虽然物业费涨幅不大，但物业公司是不是应该提前征求一下业主的意见，或者提前张贴通知给大家告知一下，可是之前物业公司并没有做这方面的工作。张先生说，物业费说涨就涨，说涨多少就涨多少，全由物业说了算的做法非常不合理，可是业主们又不知道应该向哪里反映，他们想通过晚报热线了解一下，物业如此做法业主应如何来维权。 记者调查 随后，记者联系到了龙华雅苑物业公司的负责人。据介绍，公司是按照《国家发改委关于放开部分服务价格的意见通知》的相关规定和2014年度的物业成本核算，决定从7月1日起物业费每平方米上调0.20元的，而且在公布物业成本核算时，已经同时把物业
ev-00235: 宁乡市中建亮月湖物业收费贵 网友67xhs8u 2023-11-29 08:53:44 收着高物业费，门卫室是摆设，人员自由出于，地下车库是马路，幼儿园小朋友上下学必经之路，没有人员管理，没有交物业费，天天打电话信息骚扰业主，把业主当犯人。 住建 投诉 宁乡市委办 网友'网友67xhs8u'： 您好，您的留言已收悉，现答复如下。 经市住建局核实，中建亮月湖小区的物业服务费定价已通过物价部门的审批备案，收费价格在服务中心前台和销售阶段都进行了公示。物业企业在收取物业服务费时，对于部分未缴费业主安排客服人员在工作日白天电话或短信催缴，尽量不打搅业主的休息。 经调查，该小区物业企业的履约情况整体较好，日常管理按物业服务合同进行。针对幼儿园儿童上下学期间的安全秩序管理，物业企业与社区进行联动，每日在幼儿园上下学高峰期安排物业志愿者或社区工作人员在车库入口处进行爱心护学。针对您反映的物业履约情况，市住建局已督促物业企业对照其履约合同强化日常管理，提升服务品质和业主满意度。 如您还有相关问题，可向市住建局住房保障服务中心主任谭新华咨询和反映，联系电话：13787064888。 感谢您对我们工作的关",success,success,tuple_warning=evidence pack truncated from 50 to 8 rows; 7 evidence texts clipped to 500 chars | chain_warning=evidence pack truncated from 50 to 8 rows; 7 evidence texts clipped to 500 chars | candidate_chains=3,,,,,,,,,,candidate_chains=3
E005,LLM_E005_002,物业公司,主张物业费上涨是基于成本核算，收费困难，因业主拒缴导致运营压力,negative,物业公司表示收费连卫生费都不够，涨价有成本依据，但遭遇业主拒缴和负面宣传,ev-00215;ev-00203,"ev-00215: 威海某小区物业收费难 业主抱怨价格高服务差 物业苦恼：上门收费吃'闭门羹' '这一次收的费用，连给环卫部门支付卫生费都不够。'近日，某小区物业服务中心主任梅绪苦恼地说，该小区每半年收一次物业费，每户每次在108元左 右，物业为小区提供的服务有：卫生清洁、绿化养护、区域秩序维护、公共设施设备养护维修等。而8月份的收费额，连支付给环卫部门的卫生费都成问题。 物业公司进驻这个小区已两年了，最初超过8成的业主都交物业费，但慢慢地，不交物业费的业主越来越多，今年8月份缴费率不足3%，而这其中有不到2成的业主一直未交物业费。 '我们的会计去收费时，有些业主不开门，还有一些开门了就直接骂，有几次会计都被骂哭了。'物业公司总经理孙佑壮告诉笔者。 刚开始只是少部分住户不交物业费，但为何现在只有少部分业主交费呢？对此梅绪表示，一部分原因是小区本身管理难，居民与物业之间容易积怨；另一原因是有部分业主自己不交，还私下里做一些负面宣传影响其他业主，久而久之，侥幸与从众心理使得越来越多的业主不交物业费。 业主抱怨：价格高、服务差凭啥交 业主们究竟为何不交物业费？9月6日，笔者走访了这家小区的居民。 在小区41号楼
ev-00203: 物业费说涨就涨业主可举报 来源： 西宁晚报 发布时间： 2015-11-30 09:26 编辑： 马燕燕 近日，家住七一路龙华雅苑的部分住户给打来电话，反映今年他们去交物业费时，才知道物业费每平方米涨了0.20元，可是之前也没有看到物业公司张贴通知，住户觉得物业的这种做法不合理。 市民反映 据业主张先生反映，去年该小区的物业费是每平方米1.23元，前段时间他去交今年的物业费时，物业工作人员告诉他，从今年7月份开始，物业费需按每平方米1.43元交纳。虽然物业费涨幅不大，但物业公司是不是应该提前征求一下业主的意见，或者提前张贴通知给大家告知一下，可是之前物业公司并没有做这方面的工作。张先生说，物业费说涨就涨，说涨多少就涨多少，全由物业说了算的做法非常不合理，可是业主们又不知道应该向哪里反映，他们想通过晚报热线了解一下，物业如此做法业主应如何来维权。 记者调查 随后，记者联系到了龙华雅苑物业公司的负责人。据介绍，公司是按照《国家发改委关于放开部分服务价格的意见通知》的相关规定和2014年度的物业成本核算，决定从7月1日起物业费每平方米上调0.20元的，而且在公布物业成本核算时，已经同时把物业",success,success,tuple_warning=evidence pack truncated from 50 to 8 rows; 7 evidence texts clipped to 500 chars | chain_warning=evidence pack truncated from 50 to 8 rows; 7 evidence texts clipped to 500 chars | candidate_chains=3,,,,,,,,,,candidate_chains=3
E005,LLM_E005_003,业委会,积极代表业主通过法律途径维权，起诉物业公司要求减免费用或实行业主自治,positive,业委会成功起诉物业质价不符，法院调解减免110多万元；另有业委会自管案例,ev-00224;ev-00218,"ev-00224: 物业服务质价不符 这个小区物业费减免110多万元 2023-08-16 22:40:20 来源：西安新闻网 来源：西安新闻网 西安报业全媒体编辑：张睿 2023-08-16 22:40 '业委会真是办了件大好事，让业主切实享受到实惠。以前，物业服务不好，我们只能口头抱怨。以后有啥问题，业主就知道找业务会帮忙督促物业提升服务质量。'8月16日14时许，西咸新区沣东新城昆明时光小区业主袁丹高兴地说。 承诺提供二级物业服务标准并按此收费但服务未达标，业委会以'物业服务质价不符'起诉物业公司。经法院调解，物业公司再按一定标准减免业主15个月，总计110多万元。8月16日开始，物业公司以冲抵物业费的方式将减免费用返还给业主。 记者了解到，昆明时光小区由3个区域组成，有住户4024户，小区物业公司为开发商所指定的前期物业服务企业。2021年1月4日，小区成立业委会。2021年10月，《西咸新区物业服务收费管理办法（试行）》落地实施，该小区物业公司将高层住宅物业费由原先的1.2元/㎡调整为1.8/㎡，该标准为二级物业服务收费标准。 '根据《西咸新区物业收费管理办法（试行）》第二十四条第三款的规定：物
ev-00218: 小区自管，业主委员会有权收取物业费吗？ 【发布时间：2024-09-10 17:51:47】 【稿件来源：广州市法院新媒体工作室】 【作者：广州市法院新媒体工作室】 【关闭】 业主委员会作为小区的自治组织，在业主自治、公共事务管理等方面发挥着重要作用。现实中，业委会与业主之间的矛盾却偶有发生，如何才能实现业委会自治管理的良好效果，切实保障业主的合法权益和小区的良好居住环境？ 基本案情 林某是某小区的业主，该小区先后成立两届业委会，并取得相关部门出具的业委会备案回执。 六年前，该小区召开第一届业主大会临时会议，就解除原物业服务、实行业委会自治管理等事项作出表决，并在公示后在小区显著位置张贴公告如下： 关于XX小区第一次业主大会 临时会议决定的公告 全体业主： 我小区于上月召开第一次业主大会临时会议，随后对表决事项进行了为期一个月的公示，公示期间未收到业主对表决结果的有效异议。现公示期满，将本次业主大会临时会议作出的决定公告如下： 1. 依法表决通过'解除原物业服务企业的事实服务（物业服务权已实际收回）； 2. 依法表决通过'决定小区物业管理实行业委会自治管理'； 3. 依法表决通过'授权",success,success,tuple_warning=evidence pack truncated from 50 to 8 rows; 7 evidence texts clipped to 500 chars | chain_warning=evidence pack truncated from 50 to 8 rows; 7 evidence texts clipped to 500 chars | candidate_chains=3,,,,,,,,,,candidate_chains=3
E005,LLM_E005_004,住建部门,明确物业不得单方涨价，需经业主同意或价格部门审批，并对投诉进行核查与督促整改,neutral,住建部门在回复中说明涨价需审批备案，并督促物业提升服务,ev-00205;ev-00235,"ev-00205: 物业管理费'涨价'怎么办 发布时间：2020-06-20 12:06:41 物业管理公司不得单方要求增加物业管理费。物业管理费的收取标准，应以物业管理合同或商品房买卖合同中的约定为准。除因政府调整价格外，开发商和物业管理公司都不得单方提价。如果确有必要增加必须召开业主大会，征得业主同意后方能增加。如果物业擅自提高物业管理费的收取标准，业主可以要求物价部门进行协调，也可以通过仲裁或诉讼程序解决。
ev-00235: 宁乡市中建亮月湖物业收费贵 网友67xhs8u 2023-11-29 08:53:44 收着高物业费，门卫室是摆设，人员自由出于，地下车库是马路，幼儿园小朋友上下学必经之路，没有人员管理，没有交物业费，天天打电话信息骚扰业主，把业主当犯人。 住建 投诉 宁乡市委办 网友'网友67xhs8u'： 您好，您的留言已收悉，现答复如下。 经市住建局核实，中建亮月湖小区的物业服务费定价已通过物价部门的审批备案，收费价格在服务中心前台和销售阶段都进行了公示。物业企业在收取物业服务费时，对于部分未缴费业主安排客服人员在工作日白天电话或短信催缴，尽量不打搅业主的休息。 经调查，该小区物业企业的履约情况整体较好，日常管理按物业服务合同进行。针对幼儿园儿童上下学期间的安全秩序管理，物业企业与社区进行联动，每日在幼儿园上下学高峰期安排物业志愿者或社区工作人员在车库入口处进行爱心护学。针对您反映的物业履约情况，市住建局已督促物业企业对照其履约合同强化日常管理，提升服务品质和业主满意度。 如您还有相关问题，可向市住建局住房保障服务中心主任谭新华咨询和反映，联系电话：13787064888。 感谢您对我们工作的关",success,success,tuple_warning=evidence pack truncated from 50 to 8 rows; 7 evidence texts clipped to 500 chars | chain_warning=evidence pack truncated from 50 to 8 rows; 7 evidence texts clipped to 500 chars | candidate_chains=3,,,,,,,,,,candidate_chains=3
E005,LLM_E005_005,法律专家,指出物业擅自涨价属于违规，业主可向物价部门投诉、仲裁或诉讼，并强调物业无权断水停电催费,neutral,专家明确物业乱涨价可投诉或起诉，催费不能超过合理边界,ev-00237;ev-00205,"ev-00237: 文章来源:原创 发表时间:2017-12-12 10:57:07 编辑:河南长安网 门诊问题 催缴物业费的合理边界 门诊专家 山东科技大学法学院教授 刘明明 北京大成(南京)律师事务所律师 陈华 专家观点 ◇业主与物业在物业服务合同中，应当对物业管理事项、服务质量、服务费用、双方的权利义务、专项维修资金的管理与使用、物业管理用房、合同期限、违约责任等内容详细约定。 ◇如果物业乱涨价，业主可以向物价部门和街道物业主管部门投诉;也可以由业主委员会向法院提起违约诉讼;业主个人也可以根据实际情况提起相应诉讼。 ◇即使业主欠缴水费、电费，也只能由供水、供电企业来催缴，物业因不是合同的相对方，是无权断水、停电的。 据2017年11月24日《温州都市报》报道，当地一小区为催缴物业费，在部分小区公共区域进行停电，并限行电梯，小区业主辩称，小区治安管理差，消防设施没有维护，道路与门庭破损没有维修，地下车库管理混乱，二次供水抄表存在管理失职，等等。近年来，因物业擅自涨价、服务不到位，业主为此拒缴物业费，物业为催缴物业费而停水停电、限行电梯等物业与业主之间冲突不断。如何解决双方的矛盾?怎样正确处理好双方的关
ev-00205: 物业管理费'涨价'怎么办 发布时间：2020-06-20 12:06:41 物业管理公司不得单方要求增加物业管理费。物业管理费的收取标准，应以物业管理合同或商品房买卖合同中的约定为准。除因政府调整价格外，开发商和物业管理公司都不得单方提价。如果确有必要增加必须召开业主大会，征得业主同意后方能增加。如果物业擅自提高物业管理费的收取标准，业主可以要求物价部门进行协调，也可以通过仲裁或诉讼程序解决。",success,success,tuple_warning=evidence pack truncated from 50 to 8 rows; 7 evidence texts clipped to 500 chars | chain_warning=evidence pack truncated from 50 to 8 rows; 7 evidence texts clipped to 500 chars | candidate_chains=3,,,,,,,,,,candidate_chains=3
E006,LLM_E006_001,回迁居民,对棚改安置房延期交付和过渡费拖欠表示不满，要求政府正面答复延期原因、交付时间，并给予延期赔偿,negative,ev-00294中居民反映前后苏棚改项目延期交房，对比同时期项目如约交付，质疑疫情理由，要求答复和赔偿；ev-00278中乌当区居民反映过渡费停发多年，维权无果,ev-00294;ev-00278,"ev-00294: 关于前后苏棚户区改造项目延期交房问题 声之远 2022-08-24 01:40 前后苏棚户区改造项目自19年3月月份开工建设以来至今已经过了三年五个月的时间了，按照项目计划工期910天已经严重超过预计交房日期。通过网络问政多次反映问题，答非所问。根据高新区城乡建设和交通局2021年3月6日下发的（济高新建发［2021］15号）关于印发济宁高新区棚户区改造安置住房建成交付专项整治行动方案的通知文件精神，该项目也应该于2021年底交付使用，同期栗景苑项目如约交付，为何前后苏棚户区改造项目未能实现。网络问政说是受疫情影响，为啥栗景苑项目没受影响呢？请相关部门负责领导有所担当，顺应民心民生。对以下问题正面回复：1.该项目具体进展情况2.验收工作预计多久结束。3.接庄街道棚改上房工作组工作进展情况。4.计划交付时间。5.延期交房对群众是否有赔偿措施。 已受理高新区管委会 您好，关于您关注的问题，处理部门：高新区管委会 [2022-08-22 14:12:05]回复如下： 尊敬的网友，您好。经核实，目前项目基本完工，但疫情原因未完成验收工作，等疫情稳定后将积极推进工作，请您耐心等待。接庄街道于20
ev-00278: 3.15维权 | 配合棚改，过渡费拖欠怎么维权？ 动静原创 | 2022-03-30 14:51 当下，全国各地的城市都在强调升级发展，城中村改造、老旧小区改造也是热议话题。在城中村、棚户区改造中，会涉及到原有居民先搬出，腾地修回迁房或建其他城市设施，此时，搬迁的居民因享有过渡费。 今年1月份，贵阳乌当区顺海大坡的某村民就在领导留言板上反映，他所在的村从2009年动员拆迁开始就配合城中村建设。在这期间，过渡费一开始是正常发放的，到2019年就停发了。之后在2020年去领了回迁房钥匙，但什么证书都没办，房子至今还没有到手，且过渡费一直没有下文。 贵阳市乌当区新光路街道办事处获悉后给予回复。回复称通过调查核实，目前九地房开公司尚欠64户回迁户2019年11月底至2020年6月10日期间的超期过渡费。虽然房开公司在2020年6月11日作出承诺将于2020年7月底前逐步兑现，但拖欠的超期过渡费截至目前仍未支付。多次协调未果后，办事处已将该情况专题报告区政府，若协调未果，建议该市民向人民法院提起诉讼。 房开商拖欠过渡费的问题在全国都很常见，且由于回迁房建设耗时长，涉及的问题也往往存在长期投诉无果",success,success,tuple_warning=evidence pack truncated from 49 to 8 rows; 8 evidence texts clipped to 500 chars | chain_warning=evidence pack truncated from 49 to 8 rows; 8 evidence texts clipped to 500 chars | candidate_chains=3,,,,,,,,,,candidate_chains=3
E006,LLM_E006_002,高新区管委会（住建部门）,解释前后苏棚改项目延期是因为疫情导致未完成验收，承诺等疫情稳定后积极推进工作,neutral,ev-00294中高新区管委会回复称项目基本完工但疫情原因未验收，将积极推动,ev-00294,ev-00294: 关于前后苏棚户区改造项目延期交房问题 声之远 2022-08-24 01:40 前后苏棚户区改造项目自19年3月月份开工建设以来至今已经过了三年五个月的时间了，按照项目计划工期910天已经严重超过预计交房日期。通过网络问政多次反映问题，答非所问。根据高新区城乡建设和交通局2021年3月6日下发的（济高新建发［2021］15号）关于印发济宁高新区棚户区改造安置住房建成交付专项整治行动方案的通知文件精神，该项目也应该于2021年底交付使用，同期栗景苑项目如约交付，为何前后苏棚户区改造项目未能实现。网络问政说是受疫情影响，为啥栗景苑项目没受影响呢？请相关部门负责领导有所担当，顺应民心民生。对以下问题正面回复：1.该项目具体进展情况2.验收工作预计多久结束。3.接庄街道棚改上房工作组工作进展情况。4.计划交付时间。5.延期交房对群众是否有赔偿措施。 已受理高新区管委会 您好，关于您关注的问题，处理部门：高新区管委会 [2022-08-22 14:12:05]回复如下： 尊敬的网友，您好。经核实，目前项目基本完工，但疫情原因未完成验收工作，等疫情稳定后将积极推进工作，请您耐心等待。接庄街道于20,success,success,tuple_warning=evidence pack truncated from 49 to 8 rows; 8 evidence texts clipped to 500 chars | chain_warning=evidence pack truncated from 49 to 8 rows; 8 evidence texts clipped to 500 chars | candidate_chains=3,,,,,,,,,,candidate_chains=3
E006,LLM_E006_003,住建部门（自查通报）,承认存在棚改安置房逾期未交付项目，指出主要原因包括贷款资金不到位和合同纠纷,neutral,ev-00300中钦州市住建局通报两个逾期未交付项目，分析原因为资金不到位和合同纠纷造成停工,ev-00300,ev-00300: 关于棚户区改造安置房逾期未交付使用项目自查情况的通报 发布日期： 2017-09-02 16:25 各县区住建局，中马产业园区国土市政规划局，市房改办、市开投集团公司、市滨海置业集团公司： 根据自治区住建厅《关于开展棚户区改造安置房逾期未交付使用项目自查工作的通知》（桂保障〔2017〕17号）的要求，我市高度重视该项工作，组织各县区及有关单位开展了棚户区逾期未交付使用项目的自查工作，现将自查情况 通报如下： 一、我市棚户区改造安置房逾期未交付使用项目的基本情况 经过对2008 年至2016年的140个棚户区改造项目进行自查，发现有两个逾期未交付使用的项目：钦州市食品公司棚户区改造项目101套，项目于2013年度开工，合同约定2016年12月交付使用，逾期8个多月，逾期的主要原因为楼盘封顶后贷款资金不到位，造成后期工程停工；钦州市永华汽车修理厂棚户区改造项目98套，项目于2012年12月开工，合同约定2015年12月底交付使用，逾期20个月，逾期的主要原因为项目业主与施工方产生合同纠纷，使该项目主体工程处于停工状态，基础设施工程正在进行中。 二、存在的主要问题 通过自查发现，个别棚户区改,success,success,tuple_warning=evidence pack truncated from 49 to 8 rows; 8 evidence texts clipped to 500 chars | chain_warning=evidence pack truncated from 49 to 8 rows; 8 evidence texts clipped to 500 chars | candidate_chains=3,,,,,,,,,,candidate_chains=3
E006,LLM_E006_004,街道办,针对过渡费拖欠问题，建议居民向人民法院提起诉讼解决,neutral,ev-00278中乌当区新光路街道办事处回复称多次协调未果，建议市民向人民法院提起诉讼,ev-00278,ev-00278: 3.15维权 | 配合棚改，过渡费拖欠怎么维权？ 动静原创 | 2022-03-30 14:51 当下，全国各地的城市都在强调升级发展，城中村改造、老旧小区改造也是热议话题。在城中村、棚户区改造中，会涉及到原有居民先搬出，腾地修回迁房或建其他城市设施，此时，搬迁的居民因享有过渡费。 今年1月份，贵阳乌当区顺海大坡的某村民就在领导留言板上反映，他所在的村从2009年动员拆迁开始就配合城中村建设。在这期间，过渡费一开始是正常发放的，到2019年就停发了。之后在2020年去领了回迁房钥匙，但什么证书都没办，房子至今还没有到手，且过渡费一直没有下文。 贵阳市乌当区新光路街道办事处获悉后给予回复。回复称通过调查核实，目前九地房开公司尚欠64户回迁户2019年11月底至2020年6月10日期间的超期过渡费。虽然房开公司在2020年6月11日作出承诺将于2020年7月底前逐步兑现，但拖欠的超期过渡费截至目前仍未支付。多次协调未果后，办事处已将该情况专题报告区政府，若协调未果，建议该市民向人民法院提起诉讼。 房开商拖欠过渡费的问题在全国都很常见，且由于回迁房建设耗时长，涉及的问题也往往存在长期投诉无果,success,success,tuple_warning=evidence pack truncated from 49 to 8 rows; 8 evidence texts clipped to 500 chars | chain_warning=evidence pack truncated from 49 to 8 rows; 8 evidence texts clipped to 500 chars | candidate_chains=3,,,,,,,,,,candidate_chains=3
E007,LLM_E007_001,业主,反对开发商擅自减少地面停车位数量，认为侵犯了全体业主的权益,negative,证据ev-00308中业主明确表示小区少了一百多个地面停车位，是对全体业主权益的侵犯,ev-00308,ev-00308: 在采访过程中，业主表示小区少了一百多个地面停车位，这是对全体业主权益的侵犯。但现在调解未果，业主却收到了限制出行告知书，甚至还可能被起诉。那业主该如何维权?记者咨询了律师。 律师介绍，从当前所了解的情况来看，业主所反映的地面停车位不足，是开发商在规划图已定之后调整的，但按照相关法律要求，在规划变更没有经过正当的调整程序之前，开发商是没有权利擅自改变已规划的停车位数量。 '本案通过相关的情况来看，实际上是开发商在修建过程当中擅自更改了停车位的规划数量，并且并没有完成相应的变更手续，属于擅自的物权变化，由此导致地面车位不能够满足业主的日常需要，所以说他实际上是属于开发商的违规变动。'四川春雷律师事务所律师刘吉熙介绍。 展开剩余 64 % 地面停车位是属于小区业主共有的部分，因此对于地面车位是否收费，按何种标准收费，是全体业主或业委会决定的。而地下停车位是属于开发商的自有资产，开发商可以对其进行售卖和租赁。而针对该小区地面车位问题，建议业主可以通过召开听证会的方式，进行协商。 '由相关的业主召开听证会，业主是否同意开发商这样的变化，如果说业主接受这样的调整，开发商就通过调规，保持现有的状态就,success,success,tuple_warning=evidence pack truncated from 50 to 4 rows; 3 evidence texts clipped to 300 chars | chain_warning=evidence pack truncated from 50 to 4 rows; 3 evidence texts clipped to 300 chars | candidate_chains=3,,,,,,,,,,candidate_chains=3
E007,LLM_E007_002,开发商,擅自更改停车位规划数量，未完成法定变更手续，属于违规变动,negative,律师在ev-00308中指出开发商在修建过程中擅自更改规划且未完成变更手续，是违规的,ev-00308,ev-00308: 在采访过程中，业主表示小区少了一百多个地面停车位，这是对全体业主权益的侵犯。但现在调解未果，业主却收到了限制出行告知书，甚至还可能被起诉。那业主该如何维权?记者咨询了律师。 律师介绍，从当前所了解的情况来看，业主所反映的地面停车位不足，是开发商在规划图已定之后调整的，但按照相关法律要求，在规划变更没有经过正当的调整程序之前，开发商是没有权利擅自改变已规划的停车位数量。 '本案通过相关的情况来看，实际上是开发商在修建过程当中擅自更改了停车位的规划数量，并且并没有完成相应的变更手续，属于擅自的物权变化，由此导致地面车位不能够满足业主的日常需要，所以说他实际上是属于开发商的违规变动。'四川春雷律师事务所律师刘吉熙介绍。 展开剩余 64 % 地面停车位是属于小区业主共有的部分，因此对于地面车位是否收费，按何种标准收费，是全体业主或业委会决定的。而地下停车位是属于开发商的自有资产，开发商可以对其进行售卖和租赁。而针对该小区地面车位问题，建议业主可以通过召开听证会的方式，进行协商。 '由相关的业主召开听证会，业主是否同意开发商这样的变化，如果说业主接受这样的调整，开发商就通过调规，保持现有的状态就,success,success,tuple_warning=evidence pack truncated from 50 to 4 rows; 3 evidence texts clipped to 300 chars | chain_warning=evidence pack truncated from 50 to 4 rows; 3 evidence texts clipped to 300 chars | candidate_chains=3,,,,,,,,,,candidate_chains=3
E007,LLM_E007_003,物业公司,考虑通过改建小区绿化带增加停车位，但须经业主表决决定,neutral,ev-00313中物业咨询律师，律师明确表示绿化带属业主共有，改建须由业主决定,ev-00313,ev-00313: 小区能否通过改建绿化带等增加停车位？ 发布时间：2023-04-03 12:03 浏览次数： 708 小区能否通过改建绿化带等增加停车位？ 律师：绿化带属业主共有 改建须由业主决定 日前，盐湖区一小区物业人员致电晚报热线2233366咨询，小区停车位紧张，能否通过改建小区绿化带或广场、拓宽道路等方式增加停车位？ 为此，记者咨询了山西旭辰律师事务所王军杰律师。他表示，通过改建小区绿化带或广场、拓宽道路等方式增加停车位的事项，须由业主表决决定。 王军杰进一步解释，根据《中华人民共和国民法典》第二百七十四条规定，小区建筑区划内的道路，属于业主共有；建筑区划内的绿地，属于业主共有；建筑区划内的其他公共场所，如小区广场，亦属于业主共有。由此，若小区物业想通过改建小区绿化带或广场、拓宽道路等方式增加停车位，须由业主共同决定。 根据《中华人民共和国民法典》第二百七十八条第二款规定，应当经参与表决权专有部分面积四分之三以上的业主且参与表决人数四分之三以上的业主同意。因此，小区物业需召开业主大会进行表决，只要参与表决权专有部分面积四分之三以上的业主且参与表决人数四分之三以上的业主同意，就可以进行改建。 ,success,success,tuple_warning=evidence pack truncated from 50 to 4 rows; 3 evidence texts clipped to 300 chars | chain_warning=evidence pack truncated from 50 to 4 rows; 3 evidence texts clipped to 300 chars | candidate_chains=3,,,,,,,,,,candidate_chains=3
E007,LLM_E007_004,规划部门,回应业主投诉，表示丽丰一品小区尚未办理竣工规划验收，车位尚未核实，已介入调查,neutral,ev-00304中市自然资源和规划局答复称车位尚未核实，并已开展调查,ev-00304,ev-00304: 索 引 号： 705011762/202005-00045 信息分类： 互动回应 发布机构： 阜阳市自然资源和规划局 成文日期： 2020-03-31 文 号： 无 发布日期： 2020-03-31 标 题： 丽丰一品小区'拆绿化建车位'的问题 信息来源： 市自然资源和规划局 关 键 词： 丽丰一品小区'拆绿化建车位'的问题 浏览次数： 1638 有 效 性： 有效 丽丰一品小区'拆绿化建车位'的问题 您反映的丽丰一品小区'拆绿化建车位'的问题，市政府领导高度重视，立即责成市自然资源和规划局认真调查，现将有关情况答复如下： 一、丽丰一品小区尚未办理最后一期竣工规划验收，车位尚未核实。经我局现场核查，丽丰一品小区毁坏绿化改建地面车位主要有两种情况： 1、建设单位按原规划将绿地恢复成停车位。 根据已批准的小区规划总平面图，小区实际建成的停车位与规划的位置和数量都不一致，丽丰公司擅自将部分停车位改成绿化带。项目进行最后一期验收时，需对整个小区停车位进行核实，因前期建设单位未按规划实施，擅自将停车位改成绿化，现建设单位在原规划停车位位置自行进行整改。 2、建设单位在小区其他区域调整补划地面停车,success,success,tuple_warning=evidence pack truncated from 50 to 4 rows; 3 evidence texts clipped to 300 chars | chain_warning=evidence pack truncated from 50 to 4 rows; 3 evidence texts clipped to 300 chars | candidate_chains=3,,,,,,,,,,candidate_chains=3
E008,LLM_E008_001,原住民,历史街区改造不能搬走原住民，否则老房子失去灵魂,negative,当事人秦山乐作为文保卫士和原住民，认为搬迁破坏了历史街区的文化灵魂，见ev-00388,ev-00388,ev-00388: 2009 年 10 月 23 日 星期 五 重要律师声明 上一期 下一期 人迁走了，老房子就没了魂 文保卫士：历史街区改造一定搬走原住民？ 昨日，快报A6版以《拆迁许可撤销，老街还要拆？》为题，报道了无锡市有关部门在省建设厅已经撤销拆迁许可证的情况下，仍然继续进行所谓小娄巷保护性修复项目一事。报道刊发后在无锡引起强烈反响，许多读者来电对拆迁许可证被撤销仍发生'协助搬迁'的事情表示愤慨和不可思议。 省建设厅：得按行政复议决定做 当事人秦山乐2007年年底因关注小娄巷保护，被无锡市政府评为'文保卫士'。这次，他居住的小娄巷46号'修俭堂'也在10月16日被'协助搬迁'了。他认为街区改造不能以牺牲原住民的利益为代价。 '无论是文物保护法还是历史街区保护条例，都赋予了我们这些古建筑的所有人依法保护建筑的权利。而且，我向省文物部门提出的对我居住的小娄巷46号进行修缮的申请，也得到了肯定的批复。现在，无锡市相关部门置省建设厅的行政决定于不顾，我觉得就是在和我们这些权利人争夺利益。在这一点上，我决不让步。历史街区的改造决不能以牺牲原住民利益为代价。'秦山乐说。 作出撤销两证决定的省建设厅，也获知了无,success,success,tuple_warning=evidence pack truncated from 50 to 4 rows; 4 evidence texts clipped to 300 chars | chain_warning=evidence pack truncated from 50 to 4 rows; 4 evidence texts clipped to 300 chars | candidate_chains=3,,,,,,,,,,candidate_chains=3
E008,LLM_E008_002,文化保护专家,历史街区改造应避免过度商业化和贵族化，保留原住民,negative,专家在报道中明确表示要避免商业化贵族化，留住老北京人，见ev-00393,ev-00393,ev-00393: 前门将'挽留'老北京人 专家：避免商业化贵族化 2012年08月27日 08:12 来源：新京报 8月20日，前门草厂二条，一户人家的院子。新京报记者 王嘉宁 摄 前门大街东侧，草厂头条到十条，因700多年前的古河道——三里河的走势形成，呈鱼骨状排列，是北京目前惟一留存的南北向胡同群。 数百年里，这里与前门大街、大栅栏连成一片，会馆、寺庙、商贾和院落云集。 2005年，这里与前门大街一道，列入'解危排险'重点工程，居民被要求全部搬走。超过2/3居民陆续搬走。胡同里，剩下原貌翻建的空房子。 今年8月15日，东城区政府、前门大街管委会发布新的前门历史文化展示区发展规划，这一带定位为'老北京文化体验区'。政府宣布将保护这里的胡同肌理，并保留部分居住功能，鼓励'原住民'居住。 在中心城区大力提倡人口疏散和外迁的背景下，前门东片新政策转变令人瞩目，近日，记者探访前门草厂一带的留守居民，梳理前门东区居民'从迁到留'的历程。 朦胧夜色中，一束光投在胡同深处一排老屋的外墙上，反射出淡淡的金色。青石台阶上攒下的一捧雨水，也闪着涟漪。 这是2006年一个雨后的草厂二条胡同，被郑兵(化名)用相机拍下，冲洗放,success,success,tuple_warning=evidence pack truncated from 50 to 4 rows; 4 evidence texts clipped to 300 chars | chain_warning=evidence pack truncated from 50 to 4 rows; 4 evidence texts clipped to 300 chars | candidate_chains=3,,,,,,,,,,candidate_chains=3
E008,LLM_E008_003,政府部门,通过仿古商业街改造提升城市形象和消费亮点,positive,二道区政府主导打造吉盛坊仿古一条街，旨在培育消费亮点，见ev-00365,ev-00365,ev-00365: 二道区打造仿古一条街——'吉盛坊' 时间： 2018-12-21 13:19 来源： 长春市市容环境卫生管理局 现在的二道区安乐路有个新名字叫作'吉盛坊'。它原是吉盛花园小区中一条重要的城市路，西连中医院、东接东盛大街，街路商铺多，违建多，棚厦占道，环境秩序较差。 2017年，二道区政府按照'突出特色、完善功能、提升档次、打造亮点'的工作思路，结合旧城改造，对安乐路进行整体改造提升，着力培育新的消费亮点。改造前，多次走访商户做思想工作，宣传改造的重要意义，在征得理解支持的基础上，拆除私搭乱建53处、杂乱牌匾83个，为街区改造扫清了障碍。 '吉盛坊'整体设计上采用清式古建风格，对沿街建筑进行外立面处理，对色彩、布局、空间和形式进行调整。 装饰采用富含古典元素的屋檐灰瓦、垂花木作、彩绘梁枋、棂格门窗等新型仿古装饰材料，环保低碳，经久耐用。 道路两侧形成'单坡檐、双排柱的古建长廊'，结合垂花门头造型设计店招牌匾，工程收尾时在街路入口加建一座中式牌坊，凸显了古典形象。 改造后的街区令人眼前一亮，建筑风格高端大气，特色商业店铺林立，街路两侧古韵浓郁，吸引聚集了人气，营造了舒适的商业和休闲环境，提,success,success,tuple_warning=evidence pack truncated from 50 to 4 rows; 4 evidence texts clipped to 300 chars | chain_warning=evidence pack truncated from 50 to 4 rows; 4 evidence texts clipped to 300 chars | candidate_chains=3,,,,,,,,,,candidate_chains=3
E008,LLM_E008_004,文化保护专家,城市更新应尊重历史格局，不能简单化拆迁重建,negative,学术文章指出旧城改造存在简单化拆迁重建问题，应尊重历史文化，见ev-00379,ev-00379,"ev-00379: 文章目录 1 当下城市更新改造的尴尬 1.1 城市更新与尊重历史格局的矛盾 1.2 局部改造与城市长远利益的矛盾 1.3 旧城改造与利用现有资源的矛盾 2 基于历史文化保护的旧城更新策略 2.1 彰显城市历史文化的价值 2.2 制定合适的历史文化资源管理机制 2.3 构建旧城改造的博弈机制 2.4 持续的监控机制和科学研究 浅谈城市更新与历史文化保护 井妍 长安大学 摘要：历史文化是城市发展之源,但在快速城市化的今天,旧城改造过程中存在着简单化拆迁重建、破坏城市历史格局、损害社会生活脉络以及粗放型更新改造等问题,本文通过论述城市更新与历史文化保护之间的关系,力求让城市在动态发展中做到健康的可持续的文化延续与传承。更多还原 关键词： 城市更新; 文化延续; 可持续发展; DOI： 10.19301/j.cnki.zncs.2016.08.222 专辑： 信息科技; 经济与管理科学; 工程科技Ⅱ辑 专题： 建筑科学与工程 分类号： TU984.114",success,success,tuple_warning=evidence pack truncated from 50 to 4 rows; 4 evidence texts clipped to 300 chars | chain_warning=evidence pack truncated from 50 to 4 rows; 4 evidence texts clipped to 300 chars | candidate_chains=3,,,,,,,,,,candidate_chains=3
E009,LLM_E009_001,购房者,共有产权房单价高于周边二手房，导致实际成本高于全额商品房，认为不值，质疑定价合理性,negative,ev-00406中网友明确表示房价3.7万/㎡，65%产权折合实际5.7万/㎡，高出附近二手房5000-10000元，认为不值,ev-00406,ev-00406: 共有产权房单价高于周边二手房，是否还值得买？【壹周志识】 文｜邓浩志 北京共有产权房单价高于周边二手房 最近网上传出北京共有产权房消息，房价3.7万/㎡，65%的产权，合实际房价为5.7万/㎡，这个价格高出附近二手房价5000~10000元。网友们纷纷表示这个价格的共有产权房不值，表面上购房门槛降低了，实际上整体计算却比全额的商品房价格更高了。共有产权房的出现到底是帮助中低收入者'上车'，还是与市场争利一时引发讨论。我有几个观点：1、共有产权是新事物，摸着石头过河的事也是允许犯点错误的，但出发点一定不能够是市场争利，否则就是裁判下场比赛，管理者就不是管理者了；2、比二手房价高出10%~20%有点不正常，当然二手房价格要把新旧程度，装修水平等进行综合比较，但1、2年的次新房价格应该与全新房不应有太大差距，况且共有产权项目品质多半达不到专业房企开发的项目综合素质高。所以高20%或许可以因为品质差造成，但比二手都高就显得有问题了。所以要么这个项目的开发目的有问题，又或许定价判断上有需要斟酌的地方。 就符合资格的共有产权准购房者而言，的确需要三思而后出手。而对于其他在开发共有产权项目的城市而言,success,success,tuple_warning=evidence pack truncated from 49 to 8 rows; 8 evidence texts clipped to 500 chars | chain_warning=evidence pack truncated from 49 to 8 rows; 8 evidence texts clipped to 500 chars | candidate_chains=2,,,,,,,,,,candidate_chains=2
E009,LLM_E009_002,专家,共有产权房定价高于周边二手房不正常，可能目的不纯或定价判断有误，建议准购房者三思,negative,ev-00406中邓浩志分析指出高出二手房10%-20%不正常，质疑项目开发目的或定价判断,ev-00406,ev-00406: 共有产权房单价高于周边二手房，是否还值得买？【壹周志识】 文｜邓浩志 北京共有产权房单价高于周边二手房 最近网上传出北京共有产权房消息，房价3.7万/㎡，65%的产权，合实际房价为5.7万/㎡，这个价格高出附近二手房价5000~10000元。网友们纷纷表示这个价格的共有产权房不值，表面上购房门槛降低了，实际上整体计算却比全额的商品房价格更高了。共有产权房的出现到底是帮助中低收入者'上车'，还是与市场争利一时引发讨论。我有几个观点：1、共有产权是新事物，摸着石头过河的事也是允许犯点错误的，但出发点一定不能够是市场争利，否则就是裁判下场比赛，管理者就不是管理者了；2、比二手房价高出10%~20%有点不正常，当然二手房价格要把新旧程度，装修水平等进行综合比较，但1、2年的次新房价格应该与全新房不应有太大差距，况且共有产权项目品质多半达不到专业房企开发的项目综合素质高。所以高20%或许可以因为品质差造成，但比二手都高就显得有问题了。所以要么这个项目的开发目的有问题，又或许定价判断上有需要斟酌的地方。 就符合资格的共有产权准购房者而言，的确需要三思而后出手。而对于其他在开发共有产权项目的城市而言,success,success,tuple_warning=evidence pack truncated from 49 to 8 rows; 8 evidence texts clipped to 500 chars | chain_warning=evidence pack truncated from 49 to 8 rows; 8 evidence texts clipped to 500 chars | candidate_chains=2,,,,,,,,,,candidate_chains=2
E009,LLM_E009_003,购房者,对共有产权房产权比例和房屋质量表示关注，希望了解具体比例和房屋质量后再做决定,neutral,ev-00408中闫子豪表示会考虑购买，但需看政府和个人的产权比例以及房屋质量,ev-00408,ev-00408: 北京拟推共有产权住房 '新北京人'房源不少于30% 央广网北京8月4日消息 据中国之声《新闻纵横》报道，昨天（3号），《北京市共有产权住房管理暂行办法》正式面向社会公开征求意见，北京房地产大家庭迎来一种全新的住宅类型——'共有产权住房'。顾名思义，'共有产权住房'就是买房人与政府共有房屋产权。共有产权住房是对原自住型商品房政策的进一步调整和优化，'共有产权住房'与自住房类似，都是冲着'刚需'去的。如果你手上钱不够买普通商品房，又不想住公租房，那么这种共有产权房恰好可以解决你的住房困难。 '共有产权住房'新政一出，立刻引起广大刚需群体的关注。在北京某高校刚刚毕业的闫子豪看来，'共有产权住房'增加了他在北京买房的希望。 闫子豪：对我来说也是一个刚需，增加了我们买房的希望，自己将来的收入肯定是远远达不到买房的要求，所以如果有这种政策的话我觉得还是会考虑的，不过还是有几个因素将来还是要看一下，一个是政府跟每个人持有一定比例，到时候要看一下这个比例是多少跟多少，如果政府比例还是很小的话，买房还是很困难的，我觉得可能还是租房或者采取别的什么办法；另一个是还是想看看这个房子将来质量怎么样，房子的位置,success,success,tuple_warning=evidence pack truncated from 49 to 8 rows; 8 evidence texts clipped to 500 chars | chain_warning=evidence pack truncated from 49 to 8 rows; 8 evidence texts clipped to 500 chars | candidate_chains=2,,,,,,,,,,candidate_chains=2
E010,LLM_E010_001,居民,要求解决施工噪音、尘土及公示施工内容和时间，对处理结果表示满意,positive,陈先生通过12345投诉后，住建局解释并采取措施，回访时陈先生表示满意（ev-00460）,ev-00460,ev-00460: 住建局协调解决老旧小区改造扰民的问题 来源：额敏县人民政府办公室 日期：2024-06-21 20:06 浏览次数： 304次 陈先生通过塔城地区12345政务服务便民热线反映额敏县某小区老旧小区改造施工队施工管理的问题，请求相关部门协调处理。 塔城地区12345热线话务员在接到电话后，立即转至额敏县住房和城乡建设局处办。 额敏县住房和城乡建设局接诉后立即安排工作人员联系陈先生，陈先生反映该小区施工噪音扰民、尘土飞扬并希望公示施工内容和施工时间的问题。工作人员已和陈先生耐心沟通并作出相关解释：1.施工时间是按照国家规定时间正常施工，会产生适量噪音；2.后续施工将采取相关措施进行防尘；3.已向陈先生告知施工内容以及施工时间。 工作人员回访，陈先生对处理结果表示满意。,success,success,tuple_warning=evidence pack truncated from 50 to 8 rows; 6 evidence texts clipped to 500 chars | chain_warning=evidence pack truncated from 50 to 8 rows; 6 evidence texts clipped to 500 chars | candidate_chains=3,,,,,,,,,,candidate_chains=3
E010,LLM_E010_002,居民,投诉施工噪音严重、无通知、物料堵塞道路、损坏车辆，要求协调解决,negative,泰兴市韭菜桥新村居民列举具体问题，恳请有关部门核实解决（ev-00455）,ev-00455,ev-00455: 老旧小区改造施工噪音严重扰民 用户98****3 留言ID:21629582 2024-09-23 09:19 本人住在泰兴市韭菜桥新村，该小区被纳入老旧小区改造范围，本来是一件政府惠民好事，没成想最近出现很多问题，给广大居民造成极其恶劣的影响，施工队伍沟通没有人理会态度强横。具体问题如下：1、近期小区改造施工噪音严重影响正常休息，这片小区住的主要是初中上学的孩子，每天早上六点就有工人开始搬运物品，随意乱扔金属框架声音巨大，大声喧哗严重影响正常休息。2、施工单位没有标识、没有通知随意占地堆放物品，有的物料直接堵在楼道单元门口影响进出通行安全。3、未提前通知住户没有公告就随意开凿路面造成石头飞溅损坏路边停放的车辆，与施工的工人沟通后也不理会，并且现场无安全管理协调人员。恳请有关部门核实情况，协调解决。 官方回复 泰兴市住建局 2024-12-31 17:29 居民反映的为2024年韭菜桥新村老旧小区改造项目，为集中建设项目，相关示意图进场前由社区进行公示告知，目前已进场施工。居民反映的相关问题，我局已对接集建公司核查处理。关于施工噪音的问题，已督促集建公司要求施工方合理调整施工时间，优化,success,success,tuple_warning=evidence pack truncated from 50 to 8 rows; 6 evidence texts clipped to 500 chars | chain_warning=evidence pack truncated from 50 to 8 rows; 6 evidence texts clipped to 500 chars | candidate_chains=3,,,,,,,,,,candidate_chains=3
E010,LLM_E010_003,住建部门,已对接集建公司核查处理，督促施工方调整施工时间、优化施工管理,positive,泰兴市住建局回复居民投诉，表示已督促施工方解决噪音等问题（ev-00455）,ev-00455,ev-00455: 老旧小区改造施工噪音严重扰民 用户98****3 留言ID:21629582 2024-09-23 09:19 本人住在泰兴市韭菜桥新村，该小区被纳入老旧小区改造范围，本来是一件政府惠民好事，没成想最近出现很多问题，给广大居民造成极其恶劣的影响，施工队伍沟通没有人理会态度强横。具体问题如下：1、近期小区改造施工噪音严重影响正常休息，这片小区住的主要是初中上学的孩子，每天早上六点就有工人开始搬运物品，随意乱扔金属框架声音巨大，大声喧哗严重影响正常休息。2、施工单位没有标识、没有通知随意占地堆放物品，有的物料直接堵在楼道单元门口影响进出通行安全。3、未提前通知住户没有公告就随意开凿路面造成石头飞溅损坏路边停放的车辆，与施工的工人沟通后也不理会，并且现场无安全管理协调人员。恳请有关部门核实情况，协调解决。 官方回复 泰兴市住建局 2024-12-31 17:29 居民反映的为2024年韭菜桥新村老旧小区改造项目，为集中建设项目，相关示意图进场前由社区进行公示告知，目前已进场施工。居民反映的相关问题，我局已对接集建公司核查处理。关于施工噪音的问题，已督促集建公司要求施工方合理调整施工时间，优化,success,success,tuple_warning=evidence pack truncated from 50 to 8 rows; 6 evidence texts clipped to 500 chars | chain_warning=evidence pack truncated from 50 to 8 rows; 6 evidence texts clipped to 500 chars | candidate_chains=3,,,,,,,,,,candidate_chains=3
E010,LLM_E010_004,施工单位,承认噪音超标违法事实，承诺24小时内更换桩基施工设备,neutral,江浦路街道执法队查处后，施工方对违法事实供认不讳并承诺整改（ev-00473）,ev-00473,ev-00473: 严厉查处建筑施工高噪声，坚决保护公众生活环境 2024-11-05 近期，江浦路街道综合行政执法队接到居民投诉，反映辖区内打虎山路某工地白天施工噪声较大，极大干扰了居民的正常生活。街道综合行政执法队通过'三步走'方法，有效解决了这起噪音扰民事件。 第一步，细辩真伪，发现蛛丝马迹。 接投诉后，中队执法人员第一时间对该工地进行现场检查，现场查看工地扬尘噪声实时监测数据，并未发现施工排放噪声超出噪声排放标准的情况。但执法人员发现，噪声实时监测设备设置的位置与可能产生噪声的桩基施工位置较远，施工区域与居民区距离不足20米，可能存在噪声监测设备监测数值与周边居民感受到的施工噪声不一致的情况。 第二步，部门联动，打通取证难点。 江浦路街道综合执法队立即向环保部门发出函协助，对该工地现场施工进行噪声检测。在环保部门的支持下，委托具有CMA及CNAS认证的专业第三方检测机构开展噪声采样检测。经检测，排放噪声为83分贝，超过建筑施工昼间噪声排放标准（70分贝）并出具认定报告。 根据认定报告，江浦路街道综合执法队随即进行立案查处，并约谈相关施工方，施工方对违法事实供认不讳，并承诺在24小时内更换桩基施工设,success,success,tuple_warning=evidence pack truncated from 50 to 8 rows; 6 evidence texts clipped to 500 chars | chain_warning=evidence pack truncated from 50 to 8 rows; 6 evidence texts clipped to 500 chars | candidate_chains=3,,,,,,,,,,candidate_chains=3
E010,LLM_E010_005,执法部门,对夜间施工扰民行为依法处罚，制止违法行为,positive,朱家角镇综合行政执法队接到投诉后查处夜间施工，确认违法并处罚（ev-00477）,ev-00477,ev-00477: 夜间施工惹民怨 城管出手解民忧 发布日期：2025-01-26 字号： [ 大 中 小 ] 随着城市建设的不断加快，工程项目随处可见，随之产生的噪音污染问题也日益突出，个别施工方为缩短工期，在禁止施工时间内偷偷施工，对周边居民的工作、学习和正常休息都造成了严重的影响。 近日，青浦区朱家角镇综合行政执法队员接到投诉：朱家角镇某工地夜间施工存在噪音扰民的情况。执法人员于当晚10点后达到现场发现有工人在用大型器械施工作业，且工地正在浇筑底板混凝土，确认存在相关违法情况。经调查，工地负责人表示混凝土浇筑由于工程步骤无法停止，但未办理夜间施工相关许可。本案违法事实清晰，执法队员及时制止违法行为，并依法作出处罚。 生活小知识 一、噪音扰民的具体时间和分贝标准 1、扰民时间段 晚间22:00至次日6:00为重点监管时段，任何超出规定的噪声都会被认定为扰民行为。 2、居民区噪音限值 白天（6:00-22:00）：噪声不得超过50分贝。 夜间（22:00-6:00）：噪声不得超过40分贝。 3、不同生活区域的具体规定 1类生活区域（一般住宅区）：夜间噪声高于50分贝即为扰民。 2类生活区域（包括部分商业,success,success,tuple_warning=evidence pack truncated from 50 to 8 rows; 6 evidence texts clipped to 500 chars | chain_warning=evidence pack truncated from 50 to 8 rows; 6 evidence texts clipped to 500 chars | candidate_chains=3,,,,,,,,,,candidate_chains=3
